<?xml version="1.0" encoding="UTF-8" ?>
<!DOCTYPE beans PUBLIC "-//SPRING//DTD BEAN//EN" "http://www.springframework.org/dtd/spring-beans.dtd">
<beans>
	<bean id="simpleUrlHandlerMapping"
		class="org.springframework.web.servlet.handler.SimpleUrlHandlerMapping">
		<property name="mappings">
			<props>
				<prop key="/index">indexController</prop>
				<prop key="/">indexController2</prop>
				<prop key="/formatCode">formatController</prop>
			</props>
		</property>
	</bean>
	<bean id="indexController" class="com.cugb.controller.DefaultController"></bean>
	<bean id="indexController2" class="com.cugb.controller.DefaultController"></bean>
	<bean id="formatController" class="com.cugb.controller.FormatController"></bean>
</beans>